{
  "project_info": {
    "project_number": "950452810296",
    "firebase_url": "https://fir-bookmanag-default-rtdb.firebaseio.com",
    "project_id": "fir-bookmanag",
    "storage_bucket": "fir-bookmanag.firebasestorage.app"
  },
  "client": [
    {
      "client_info": {
        "mobilesdk_app_id": "1:950452810296:android:c07ac89d559768c5a16ccd",
        "android_client_info": {
          "package_name": "com.example.firebasebookmanag"
        }
      },
      "oauth_client": [],
      "api_key": [
        {
          "current_key": "AIzaSyBc-ulJ59b9cTEMVStPAkXl4LJPzTd4Zk4"
        }
      ],
      "services": {
        "appinvite_service": {
          "other_platform_oauth_client": []
        }
      }
    },
    {
      "client_info": {
        "mobilesdk_app_id": "1:950452810296:android:3d8a96b4d4514dcca16ccd",
        "android_client_info": {
          "package_name": "com.example.myapplicationfirebase"
        }
      },
      "oauth_client": [],
      "api_key": [
        {
          "current_key": "AIzaSyBc-ulJ59b9cTEMVStPAkXl4LJPzTd4Zk4"
        }
      ],
      "services": {
        "appinvite_service": {
          "other_platform_oauth_client": []
        }
      }
    }
  ],
  "configuration_version": "1"
}